id,name,image,product_link,product_name,product_id,product_images
1,Interdap,interdab-logo.png (https://v5.airtableusercontent.com/v3/u/46/46/1761127200000/FpN3sEFbNi7nXrgRUok9aQ/KhGwQlJEO6nbFvOUouamQ2KmAHE_MdslJAkT2UBHpfUTIhhvWqyH5ebVdMgl3Ji2UkQqgX-wPEs3gHxFjo8wvxNTB5zGlBMjWrG5tBicvSVDhj6Wq9Lq0QH3kUPCUyVX_tgzjvUSBFYnpFJ2B7UimXupjEyXysxHiYXOyt6dqhI/FFsccp9caB4jZY_DK5s3gMZgYFaVY9gUCNqcoCooFRs),7,AquaFlow CFP-100,7,"pump2.jpeg (https://v5.airtableusercontent.com/v3/u/46/46/1761127200000/Pfz_Co52qT-h1Ztykj2Tug/w43bYXjS5TDAJFVr4FxvbDThXoLrz5P91VEQmmZSAykI8F_UtgEPIi7WUeC1FTWksVImT5TBxyyi6BgVIflFYfPSp7ADXUa4iL6aCoOwRSpNeBiVhfrY9KGIOp1qGTYM7Qf2rCNdCpSY4WZfSIikx_HeNrA-uM34gydgqGPPpJc/L9BkFtb-vwZkYAVEhjm27vFghjZxb5m_6CrXDTWhMDs),pump.jpeg (https://v5.airtableusercontent.com/v3/u/46/46/1761127200000/qKbLGa_z7vkovg11WKXO_Q/c7wc55_DoEAoHZxTPxBxK_WuEOWiOH-DE5RoP1zH0RFMJVXl-a9X_ga7l2Ey4PkdowG0abykyJ92wSLhZIDPOI9EpbjK6mEgOWYrQ09BAIKj6iO7qbcVCRdkh1ipCCsq3jdp3FgpmwtEBc4xEwTL8g/nU5S3dyOsBtpegPn8u3LP92pXDKtUcMEH4P8lsvJkK0)"
2,Whales,whale-logo.png (https://v5.airtableusercontent.com/v3/u/46/46/1761127200000/t50xyV3qWUlJnJRU8_4N5A/YXtdAKPpQ4Y8ylXriD87NfKouMiy4V08PDr9kKGQLF6S9dH5xO2PByt82nI8cR5NJ00ToyWDEChXG4gfqVZQjddz12Q5dd5qpkDMeF57VcWq74a0zNyW8weP7w-jAKxWMaOLZ84_xaGFgTDYztS5GQx9kDUcTefAWSzEaaa3f5c/0ry1-9aPBr25lQOh9jE7wmoobc-7jY8lnDoWsVe9mCg),8,DeepWell DWP-500,8,"surface2.webp (https://v5.airtableusercontent.com/v3/u/46/46/1761127200000/Z8oNYNyVHX7e-G7IeaEyZw/4a9czeOw37N76WwFAZwHEqY9MMCQRYK2-opl9hxeuEAbTn_PqkF7aFEmWf5YhbHzxyrDgDdRvOTn5u9xVd_2Fmc6biL9BBWa4k4SMm9FwIt1nHMm_nVeAcSvnuivEo_oDFBt8gERlzh4i7ti99hRWpU37Qgq7UowjSxHAHL6-go/L8fNOEFVzFrA91N7WYyyquRQhvx3mqE6hO2b-oWhc_Y),surface.webp (https://v5.airtableusercontent.com/v3/u/46/46/1761127200000/ZBQezxI2mPWB-l5Mz22sdQ/ZxUXp381J1-768vnQRDwPyxrsWLkX99cYiOOxZ-aIL1wPNgoVdjVioyW_EnklEdApAp3SCDaYQkjW8t3C3m8DqffUvgPKUtfVxAlGu7RLGsW1s-WnVePPNd1W8wkGVPzH2NZvFky1VnepOZOdLI9DgmbNtRezWqFXRUxFaCYPZA/-i8q6fijbgFptqCJyGiRGqkoUgrwcKidF0s95UqzvdY)"
3,Kohler,kohler-logo.png (https://v5.airtableusercontent.com/v3/u/46/46/1761127200000/DieN2QSCmONa2tDYA5W9Cw/QIkN6G_k2IP90WYL9jAyfkL3ke7qu_LcH_ssRP3XcpKPn_ufZoYXxr0geyhFdo_EgIn8zyonciAAFsnkaATbi3AjXWV_qXiJoHcIoi62qIv82NG1VoYyEf3osQSLz3XwQUccKTvMlHnIlLmDA8IqrqW0veU7eS5xB6Sqv8oqbYM/bA5uN6m9Nz-cDIjiOuBXcMRlzyGUnwyr4BDcY4GTwDk),"1,4","Bidet Mixer, Chrome Faucet","1, 4","bidet-mixer.jpg (https://v5.airtableusercontent.com/v3/u/46/46/1761127200000/_6nyb3xywEEOaglltQeHHA/CzxfNxFU28JJxBccpXx80q5wRkgz38Wro1jWy3nB_EZdu6l2zJv1TnJaGUezz8FInjwPGAwCKWtk2Vuyjjhghrmoj280kbTO3CvlqSfmz8PQhwfDT6vaRCk5VxGESMUNylgXgbXsStpTsbY5oCuM3OtYFM7t6LFqLuK5oxvqjHA/cfR3U3lmz34tHDd7AkC_p12BAyJQtTmQuqmp2n6MaU0),basin-faucet.jpg (https://v5.airtableusercontent.com/v3/u/46/46/1761127200000/4i8fFb83BY3jh7jNLgdtdA/o_SHvSacD1HWwsBOmJ_TtYX544SK8X--SPbZQX6A2t0sIQX95andTFQNF_PGudZO_lzhaK8tTnB7coZ7TN04LX75ElLu84V8Mb2ur0Le5_FE4hnz7ngg8zOiVh5WadZpTT6YDF23yTKc0ovTzzliPNlHaJ5O4VcNSBNHf14dElU/Er3J1MF1Z2ylX-8cRoLRMowdMLClLG-rWXo29-TYoGk),chrome-faucet.jpg (https://v5.airtableusercontent.com/v3/u/46/46/1761127200000/oa6yFj3m_ioXUZzRl3y86w/1vP0r07RLy-9vX6l_fsEPw92bjH-W62w2VJn7e4g83USOZ8KCMJsOKlyhJG5herp1JS0yTCxzN66L787U8hJsM3gX73eEmfV0UfRb4iWRWu2bGpPEJnj-hoF1tdajzk8kxxRgf41moPuneSTTgg3Zqny6akOC5LQZuAlnKoJG00/9Bjzr0bfC4xqz9f8BX90G3GZ3k13B2Y4Wbd-5gIOAZ4),floor-mounted-toilet.jpg (https://v5.airtableusercontent.com/v3/u/46/46/1761127200000/e-s1xBWmdTTKTPXoKv-2VQ/FphVvHadUSlKC8zWmrlkM4hTUokURn6YobcTW8lDF8SirF9FMt4V94zUSPSHwbtg2To6qooeVsEPWJmmi5pwmYGmY18I4YZQjhkdHdtBIXfZwZk8Lq7C5P8sGKyU6m7flA9VNV1eA5ChYY4ZAETYjecFKF-Z9Sw8fl3WdigQrEs/3xhL1rgiM_zlQHDT6pqs5xJ6w6NQr0H6b7rxigDUnaE),metalic-sink.jpg (https://v5.airtableusercontent.com/v3/u/46/46/1761127200000/YLXvTf_-k2LFhKN7TdCE-g/W0XlaPJieBX1tnOrVxOTVbiQjsqPywsJoZ3ISR4n8R9a6cRSDq8fpmt3NNOZa2iJizZxzdxYj4kxWvZ8dB6ea2RLqavaxrbKLcR49808fSyzPiXZtoe9Q_xHlroaNf_X49NYVEjI947kcyFuTXIVYRCxZuftAFcAvnNteIiIxJc/THWzXgGTlaeHWNllkDz5gm_o7DopW5onsSv6C-368B0),chrome-faucet.jpg (https://v5.airtableusercontent.com/v3/u/46/46/1761127200000/NEv2TcLN9A24wWpbLuuXDA/7bhUt98o9T0vgBLxmj6db3YpGHiHE11qZbLPgikqqtYnve8WA0JZfZLKBYDvOS5UwkUXXCFtuvnoOHU2DxLA4J2lF_6GHT-h2RydhHyv2NCE0k9HnW44w4EkHNy30UaBmU2Nde7Iy00n_dbaXscH4F9I-3jlCUkc3aQ4S5Fx1Zw/KzYAo8RQhmP3SY4kmHmubBSbgSdRv66Whd6VgPZdbWg),chrome-faucet.jpg (https://v5.airtableusercontent.com/v3/u/46/46/1761127200000/yWLM-IKUfcihRWTvdUW6bw/qZdnHWniooBIYk_rGoxBbvtdjEDi4UAf1boUTnGNQP96I69doeiKLq-45XeaXp251qfMlyP2EBO8zytBechMsngbjh3N3Le9JwslVV-t7W9Ut7fGRikGdWJQ08hujSXim4PKDpMcumjis9M2_F8-CcXgV7vYxr85xAd74ImsdAQ/qiBbWZp3WbqhyswHaZYbLKQn9t4PlP8NKcoA6pHU9n0)"
4,CSWL,choice-logo.png (https://v5.airtableusercontent.com/v3/u/46/46/1761127200000/yl2u1BJ7-qQkY7-2BoRIWg/ny4QcErXMrRohGPD4nAViRDpkjMukfJLxdq_LexXGDqOmnPi475znWo-xaovm27HzY5-wGZigz-RihGm0niQA7RSVOB8IhIGQeAfVBPMClVC4QXaLlwpZpY1MESYNdqnBtW80A19EK-Dm8q8czPYAARSfqXIIuTeji2BafDT_Bs/s5Qd_miYj_vTldjCP_YAu73h1_Y2MXFbCuambO5efyU),"9,87","SCT Mixer Tap, Bottom flusher","9, 87","mixer-tap.jpg (https://v5.airtableusercontent.com/v3/u/46/46/1761127200000/MWkpHa24HUGiMOottVCjoA/LMHF0t5fE8jD1mAEhohUE5S_sfuPA2tguklIfLISuZsvVyyLJRdByOlsOUxJQlbk5QyYcLB8XAeMKOPiZtmvFByBHkmhg2YAdVGe2xzJ8luMxUFm2ylDpIWb16uiDJKOjuc7xq4wfGFLcoHgc4thI_CbKNI1GItISK5YnwCqBqQ/BZ_nqGsmUSG3Kq6fO1HmUQe0ez_tyHJefs84zrD6Aw4),mixer-tap-two.jpg (https://v5.airtableusercontent.com/v3/u/46/46/1761127200000/qCi6fE8RbXnxCdwWjW8p3Q/HWZrdjeEL88fqgE94puZLB5sgxKs3Uizh0VMqrGjb4vWO3F74vjs_bTXxKQg1NnbZc18tLzVKJpY-VIrEASIvcjvC_g-FzCTarvkWzS_YC64N5iCMEvFmRFNTcoLbgIVpH233206Bzp3e5VHLMTHLIECGb1YCSC2_7H9WFguE-w/uqMoRqFFCNe_hg8sjBmXEvM47bTSfgMxusWYyVgDiCw),IMG-20250719-WA0023-removebg-preview.png (https://v5.airtableusercontent.com/v3/u/46/46/1761127200000/WWqxcW8O_RcZHOFatH-TsA/EOGpoIPrOkW5uyQZTKiLTUue3exitNKtFC9fbW3-rSbDXuxdGgfbvTMGpCkdIV27thpr9OKSZHnt_UuXoX3aH5qSfAJAAKHjVijvd7lvPGIE5bc8eapO_6dT1kkEpBVZWSrQS6NPt1niTWBDP9SMb08H3rj_jOpS3_geuyS9q2JZGjAf8Ypfx86EGclnC3sT/ZX8jnjUd_ocJS23IPaEwQekO9v7NuTkqbO1opjnaj-A),IMG-20250719-WA0026-removebg-preview.png (https://v5.airtableusercontent.com/v3/u/46/46/1761127200000/r3TvmbTMwVk7jvc6T8eKxw/4ibw3Aff9u5yj3ablGrHSZDBq0mS0pr5VlXFc-T9jNkSw4x_zkQ6qiwgy-cwFAc0ESH5LSGpSUXMJh0FNeHWkcyXZ3iv-ZAyjM4BL3usVLzSIfnLW1u7VZjSStXXzOBA5ViGd6t7VH0NKznRe89eXyN1YpZtjH3gCz3gvMtQ5ZLqlnthCxHJJk-4uWogI9LI/3c8aAHTlpvo_uJI8trawNsAPx4c809W5zPxH-twxKzE),IMG-20250719-WA0025-removebg-preview.png (https://v5.airtableusercontent.com/v3/u/46/46/1761127200000/QbWO7k-zY6SRVzwxHjbIfQ/S6l5UEhIVqcIyQcZ2HfIkG9y7Ol_FNdOfE2K7p8HAtezOdO-NHMYqFo6N8AO7aTOPYj7dqal5We6oqZEI7uB6D0NfMsmadKF3SY2qazQEgb5qonS1kw6uPKMlf-wsZQADSSBymHiTjAmD5usfwE2m9wOUeJ4D-DIPUPG8g8GYYpvKSGokbN2WbachhsWvXU0/FVZ_jV1w91XBnXYD5EsJSNgGpuMZ5Wz8fNWUfIsDhIs)"
6,Tonobo,,,,,
7,Venus,,,,,
8,T.U.K,,,,,
9,Poland,,,,,
10,S.F,,,,,
11,England,,,,,
12,Golden,,,,,
13,SweetHome,sweethome.png (https://v5.airtableusercontent.com/v3/u/46/46/1761127200000/-eL00jSjte34RUXul5_rqQ/vevL8b1TsD4bZiXZOAHxg_gbExyv3MS5SrNBmY7meFjrcqrF6qmbLNzHkEL4beV_9Rtks7iPNPLVo15wRtGreoqI_qQCa2Pt3Ihv3ApxkTiV7_w9Bj3ZYQu_E_hN9fkNUl_nLHKAJDRj69q_j3eAXkVEEAE9HWBTwf7JYAiCiLM/Nfdb7c8kLNmYfSepz_FJ24tX6tjDGwWNH4e5W9_D-ZQ),"285,288","Kitchen Spring Tap, Smoke Extractor","285, 288","kitchen tap 9.webp (https://v5.airtableusercontent.com/v3/u/46/46/1761127200000/yqYoQ4JhFcASLU0uKG-a4A/gy489TdlSmo2Hken-uEHI9ynCgFsosGQrLKrAAiOt_3dL8i1PXJB7JAvYp1SvrVd4N0Z8jM5i4M4F8aye9tiDnESbESNX0HLNOIvvgUpFf1_YYD1vYXREz8CXbe1BC-eXZXZjCJEvMzTY7eN4Ia0j3ogKpRyeHYJ46X5TcQDYio/jAoDhv91rZAhE1JoTkfRgbGDsGdM06JMzUDiEwhFakk),silver.webp (https://v5.airtableusercontent.com/v3/u/46/46/1761127200000/8hmJmOCl_1DgLvnXg7dUKQ/OhZm1PFUTbM9GkZQju5mUZNQyOWHwsnPi9tlz3jBF9L-Q4CcuvpcSfujzljIwpbPyDX_0pZrZ8Vf0wsjZtfkx7_nNbbWILuN_H9vC8vJ-CrbK2a9RoERVpsd9L3mQRCFQicPE7GtPHvaoNlsyJvMko64WrwoQabpIKt_9NcFXK0/2vHeocyB4BwF956wUklvyUoZ6RLyp81cg3bxsF954ZE),kitchen smoke extractor.webp (https://v5.airtableusercontent.com/v3/u/46/46/1761127200000/_VTKr11WEPMzdAJc9QQPhQ/52Db9rSkZKF8VeDwnEsMGlvmhbyeuuaeAC5bE-b8hOtyl1T62xPdjRnB_ZZpU7dfGRwE5UzXd8tCpBPhZ8rPiFEqoalQES9fqZOlZTru50d_pH2jxM3ZLP7kGcz0zc5ZBr75Ei-96IGcrLuoCGhuBM03WtLcdP_AhAiK3Ugod50EtekOOUD1sFauhX6uJnRt/UPd753xXKfvEvkMGFLQu1Jc3CTuaNEflLo7LG72GDRI)"
14,Dap,,,,,
15,Rorenzo,,,,,
16,Pedrolo,,,,,
17,U.S.K,,,,,
18,Mataya,,,,,
19,Atlas,,,,,
20,StrongDab,,,,,
21,H-Power,,,,,
22,GeePee,gp.png (https://v5.airtableusercontent.com/v3/u/46/46/1761127200000/YABmEj0CWuoWq19j-WvBMA/iBoDBXdj4xKnSsfB3oTx__qz1ojgXHg1x6nSRCnRvhUQO2s8J0d5RTKuAg31afFh6n2-fRHfv5XBGWPIugrAWDBM1psIupNZ-G_e98m_Q16kWl_JfU1jQtIx6ibnxS5bjjtk2rPWBWGyrtMRtEEt7A/RUFjlZeN_KhWXeoiWzXAeYRbyZqr2iI1B3VZq_-QSLY),,,,
23,Heart,"""ChatGPT Image Aug 25, 2025, 11_45_07 PM.png (https://v5.airtableusercontent.com/v3/u/46/46/1761127200000/c8MZC1Kx40zCLGblAYrpiw/pWhCrh5zMTd6KuZyPXfm_WqHXHBwiybFIUm9QmHQFcQs8wDbYbfsaDBioZZndeZencAhIqxsBh2rzpMTkTCWJfVnugb45BBf_TrKLErlZ1pwoij8GRpWMSpeK5JwnbcQRpKd0txDn5T7TyifZQNkmAoTXg4YvSLp4pjtqNEIt5RfpQzpsAY0jEEDszjgvsJ5/voe6Rtxy3b166k8Gtf4vMpa2yyvD3T1MOca52wSJFsY)""",,,,
24,Karisma,,,,,
25,Storex,"""ChatGPT Image Aug 28, 2025, 05_51_18 PM.png (https://v5.airtableusercontent.com/v3/u/46/46/1761127200000/2BE18ykmZDMgrGY0a-lJIw/FkqmOdOV4vOZg4H0b524a4khlhE2oVtltquUo3j88zQ-cwJ5h5TzZTQT6ETKJEo10dGGj2eDrPqovTFLHmprkR6H7fPaiu4LGKlrR69n0eorstBfE-jVKUVZCkBrO3zGgf4SU-CeCT6A4ckvnmkZnGKCRDj-9u-bpRNgi59MrJbApIoM6X1H88RnNkSmGzAr/cjbtARlAkSv1rf1uwu-nm7JJO_vvY59qgNH2NNEVAus)""",,,,
26,TwyFord England,twy.png (https://v5.airtableusercontent.com/v3/u/46/46/1761127200000/0PxE8bw1PlxwBRh6JNsDIQ/tvtFajNq1MX9UOSkHY4b72inuTcuKSVjAF_uCD_C7SSIn1I7ACfwTAy2VpSPBaZelUiiL2ePxMzpd7TrV9tWlBcWyvNxHU3BsShVOnaMAuIWTJ8dmmIkTUZSEjkoakA7SmG2LBvFImwcS4r061BoZw/v8OaNFaOn0I1HBdO797OyK83uE6HRMD8MiGolF2cPG0),,,,
27,Twyford,twy.png (https://v5.airtableusercontent.com/v3/u/46/46/1761127200000/me-rN9A0VYT56C_aDUZImw/vMs6wly4xsJB-k7QxOLt1dVK8NTKWwam0yGDZw6dhAd--qWkZsclRr11tfCITqQd_ycfbFQPj2iJ2fXHhiF_b8b-pkkrR-SzOTQLJoqUnOxY6TiCfjK_SSIq3B2YSy_Cs59gXUnvwkhP18ENfwt_fA/rjkb7lI1CzUAvl-Y9I3hgAT_IvpkyAXhQ0v6g2Df3wY),,,,
28,VStar,,"115,116,117,118,119","Corolla, Hibis, Bonjoy, Micoe, Lando","115, 116, 117, 118, 119","cor3.jpg (https://v5.airtableusercontent.com/v3/u/46/46/1761127200000/YLLdZGICj6hJlcf5gzHHdw/VqEXh_9eLpUs7x6Dg8FLmK8k_AinvP64p4i1l2J4fY3ioT0DA7I5hs_cvyITKGYonedBpbKlOyhgeJhty_5PP7IgeE1sV3uqsjxdhqokVvoTnIc30uBiO9TTRekRaFYrvCBzeEaXVWjaPbYpr2mZtA/K2u1rwB5qaT1m1_0WSj1IqG9steVU_NWTcc2ccTQKN8),cor2.jpeg (https://v5.airtableusercontent.com/v3/u/46/46/1761127200000/W6ei78ch5zRJTUNNtzlppQ/bRZxOrWD4oRTdlQGRd4P-akGrE0Z6S4q6Jpx3B7GVF9yFCmC9BxuyiBl6gpBisuw_aNo1OJYUpuirgj4QXkQAwssyR7VbJd_lVPRQbEZxJN1kdr6EW6nESEJD1SoldBPjx2wj0xc6wXQYuu1MJ7_aA/KAsv1bZspjOgX4-wYSdnUsf_A_66MjekQYnqXVYqwdI),cor1.jpeg (https://v5.airtableusercontent.com/v3/u/46/46/1761127200000/gLV-fTUZ9cVwftix3DQo3Q/iGvI4kT4ixjT2PsUYp6M9-h3_GzwknYOdg7fV3rUqsV00Bvzt72PDJ0W_XpE8BE1tTjB1Zyv47raoisR3GxhuF203kAHbKkVyz8MmYUUbLRWTcndLamopQNND_bHMc_DLY3-VSDJJyqkjSX2l1CX6Q/CeMcjRyvak-FDB4i7zY_A6kJC4M3RvJ1CLvNWg5ApDw),Hibis.jpeg (https://v5.airtableusercontent.com/v3/u/46/46/1761127200000/DGmlBlpnLqPELZDYfycYng/5m-lIFhyTKKgFJFRqVHdEknolE1Wqr4xFt9kfQqrsiiI1RdKPv6xOZ5f89PnG8ieFnalEbxd2VfJUS8sb88BcC0FKUgW5CwXwjal9288fAKDf4N7e3F3I2dVSrW7mOypaKJ15aS1PChQbVPVIbnVV-Dk4l6kI1BwAoAmiGT2oSE/r7M_fQvCyfNgFHkebKCn9DMK60WwXNDlrNDONiV4RGA),bonjoy-removebg-preview.png (https://v5.airtableusercontent.com/v3/u/46/46/1761127200000/L5kAiFr0NVtLS748hNZimg/eta_ssKyeDqYkC7zfvIPiBRbEm00wokyXbiSkh9q37U8UZT0s0yebPNB5-JCsaQJOSL94aSu5AmbGTDfXart3wSx6lrlLvzzIkXLUfYlMYwVb94MbhLymtyD2ZwnhCRZFn8KQH40sZwPboPCj2XrUyUyq2y2sdaX-mFIgZHi79JrkgcjxoswY_--DIJRp3jJ/wGOBE0q4wQorB7RFpKSQ1D4ONEhm0WIIzG-zCxa5-Pk),micoe3.jpeg (https://v5.airtableusercontent.com/v3/u/46/46/1761127200000/CYTzUcl5FQ7y1aoM0XOBEw/M18m-nLGgfvy0SQH8vus7ZuKYeIJJbJd4jBtdkWhxmB1M2pM3zVGjiySH_qu6o66iaaa9Ze3kHvvv2tHHlGr4Gd2cCuqV-YKvYXLcwHzsfn2jpcEPigLBp3-t_ZHus1r-X2N3kO3DWPSc03x2gKU8PvoOIkxy7ISqSFKOlz4zGw/I8c0S6NFZ96nhhYi6UTcZkZuDdNll_Lx7lUHZHri1dM),micoe2.jpeg (https://v5.airtableusercontent.com/v3/u/46/46/1761127200000/k462TlpJc0jvf--e8Qidzw/SAI0O3Xw9NXB0oVoYpcR_s_Wyhll2YGGR5mu1JebgpT7v47ok-RuzfFfqSQq3bpQf1PNlDK9Jd7doGWKY-tlCKjJCrGNSEr87ZhTVkS_prsxyQIhaRFnzdan_nMog5reMghEvBLneAXilVSitcJ1MyAa35apzcvii57fltFSV0c/4We-_No-obXlzhzFg5wLR5hDdcHlt6IMjq8qmjqxfKo),MIcoe.jpeg (https://v5.airtableusercontent.com/v3/u/46/46/1761127200000/CJiltc9Cpu0ZuegJeNaODg/cM2hzdm2s1OOC2FLz4aHQgSTg0f0PP4izmg1ghtnXbN0LqbGQACduZax4jpA_Sut6KtWyVX0A7UcAipp8sD_pmFn0g92n78Uv91-pYiAD0q8yswoWH9wI2JrLgxvrEz8wZGcLojgk6NazfzCDuYKteiGj1I9he5V62XWpZ_sElo/MjVKsyqzD3304jeocsoq6ZFNZapktE_AWc5QNH7tg1s),lando-removebg-preview.png (https://v5.airtableusercontent.com/v3/u/46/46/1761127200000/VNJeSFaGOySiwSmqp6EkxA/gLNGkfKB3v91x5Z1kArS8OGhuNTtw2Hts9yGAKE7AhdnxR5hz7Y-i8w9hj8MhBemIZC0tAZF-4P9tfIROSUCZMkC3A6CpGfCYDSjBC19FLY6VcfunC8c3FVsHMpJqWsbYOWeEJA16kWWax89_C06XSbLpY_MrZJ8AUlHvJEWdgCmYm-ZbfFcuBQzD_I8VNQZ/MbsUoeYsUeSE2dQ309iygAUJXvhiegIrHjrDvwvcYHU)"
29,Golden Diamond,,,,,
30,Maxilon,maxilon.png (https://v5.airtableusercontent.com/v3/u/46/46/1761127200000/hKa5lf5nbZItKP1Beyo5Jg/PhCOPtSkvCUVSenbh92tGqYtbQdSq5XBtUlmYzWyIDE9BZyOF9cAJA76yYSMphVH4j5hwuYNVFfn1lcVdAkjzRJfCx5FJ0ucaFB9D_8Dmjavqn3Nu9whO5yV9WK8xDw5bVioIVA_i52cG0UoF-6pFYKmjP7wWhAKqbZTHJZbMYY/BhtGJRfEqZHlveIJA0bP2i2JU6-Ss1-qwm-O7VgvXWQ),,,,
31,Harmony,,,,,
32,Ford,,159, 2000 Litres Heart Tank,159,111064557_NjIwLTgyNy1mNGM0ZDdmNTA3-removebg-preview.png (https://v5.airtableusercontent.com/v3/u/46/46/1761127200000/RWLLjwOj17iqtdWK9HDFfQ/h-pG79hk_kG9vvZfUUcEKt4yoOiB8H5P2_CYxbceM3FW1Qk9WOhYPf188x1F2uXy88Qgd7aK9wRWZAH_PRoi08Pr1pbE9pjMzhhNOXbxqFkjqID9jfUhHhOIgbreJM_3XSvt2_VlIdmDqEbE23QTRA/mMZiN7xFYPXB0BxIXEYswrR3g5qJzNoQiUU0Pdj1MI0)
33,Abro,,"121,122,123,127","Abro Small, Abro Medium, Abro Big, Abro Silicon Gum","121, 122, 123, 127","abrosm2.png (https://v5.airtableusercontent.com/v3/u/46/46/1761127200000/wjYe4hxR_-iNvNo_Ff6kKQ/De7ETvSNWXPJjxL9AXveHswBNoPnnzQk7ZshKA54EpBn5uk56uLsAaxciCu26azbR604LYQM3wRIoAzWdxcLOsCIx4x1Zu-WOHHSKTwcryyCdnacdbmc2Fwlj9XbUL99VuoK8hDsIoFIr4WKdp2D_q1ns1V_5_F4y64P985gw-E/ePkmoGEIRFj28HzzJJ__gcXKUhaKRDpxEI8nYm1AEK0),abrosm.webp (https://v5.airtableusercontent.com/v3/u/46/46/1761127200000/3MJdJFrwdlkUEzfytYEtTg/-LyJpgLWuOH-FhsGAm0FMDeT0_wwJxFtCo551sNcmKTksgT35SC5LF1zWawVT2vhFyykngaFlWKVFbH2BV_0U-TItL3WiqtRMqVoHMOzVSAD5MGeLIrSKXdGFvQVmRsE7OZDmLOvpyYRMoksh1lDkpt72mnWsqRZQHAH04aSZhA/Aioy0MjKOboa6gKLNkde9z2KXp8sWz9Vl8vw2eRH7YE),abrom2-removebg-preview.png (https://v5.airtableusercontent.com/v3/u/46/46/1761127200000/2eY5W5IKGBW9iPMIIuFJqQ/2wfuF5Au2caQql2LWvKqwRbSQB5ctImHk8UB9CeOOWdeJsVOm3YmpKLapIZJmm0J4Xs0fLd6rxV4bd1F5T40le4iXZhDnCzPlNg0y5BUn7nHfP91AaUynVPBKZN9d2-OTrxGsahwsbXqbLlopoNkM4FpGLm8VxFOkf2XZgNNy9SeRulWz9MgPhYUfHX_J4kz/kNnbqfDV85E78TsAbNXie4JlIimmcXfPzY2SEVEFFvk),abrom.jpg (https://v5.airtableusercontent.com/v3/u/46/46/1761127200000/xST24aswFkwY6PhfohD4Iw/z5DXhSbgxZ1KPiTlzeU0MjdtR0_PcCp3cfM_F24Tz5cQVhFQDpFvzRr8opHiV6u1ZmdP5Cs5X66zvMpu1stf5T1YUPhwyzrIEXdw0MmEvy8B0h1tyHaL1Ut8LVO6456ktttBMmsuImdY5gZ0QUnIVQ/A_vV5AiqMwBPueyLZK5g61J6s3Do7uWPiaS6tq5-EH0),abrbig-removebg-preview.png (https://v5.airtableusercontent.com/v3/u/46/46/1761127200000/2m8Q2TqBgj7-D5b8Joa54g/NHzFvmjJpWY5yP825m75QtOjobAVvFF0zEct2DtBN-W1wzAgWnYggKpjM14fKrC0C5zd0sJB0SfaYpz8r93vleZYXZi4PSe90aCnT0ZlDoLxt4jGrdW1i-LsRUsWnM6GqLj84TkEZj1C0sbdWo-rF3EoJKoC8yy0FfR99oAP9ikpiGnu7TJxsSCHeLjAJsUv/SFJKy2o6m2KNDj81BQ5Mi51T6uWRmxQlP07i8ZhwPqA),abrobig-removebg-preview.png (https://v5.airtableusercontent.com/v3/u/46/46/1761127200000/ksDQWN4aXFoVjSjxvAgNYQ/L8vXZ8gwScHPIW5ZJRNLKnZIUA_zqfpVUNmP_aKq823-1CN-ZhJzTLl4-bJs4hZP7vsgSroVLFsgwW872Brl6MFdl56Dpf-Zv5QUTaVaUCs5eDN_vZT7xSNvoSgrdy9r2qeBdEE1Q0in486Aoqx-EItvQYtKhKHXtwF0ME_PD67WttG2NdBCh0yNGJTzq4g8/H9fU-RhMlUuRAGKsbzd2dGCAeSkhrrDe-Td6CpJV3uM),abrobig2-removebg-preview.png (https://v5.airtableusercontent.com/v3/u/46/46/1761127200000/BqUSntEy0_0GIpN4GB7c_g/jXjCz9crDeMLtziEwfkyRnpyctNryVL4_LXoaXecYqUWMTg8i1Oy8I1jwQZp2BuxuRAL1KpuQdkNxdnJQe3PV3ToMnPQLNry4wUxswgZvXlNwk3aUs0kjCvp-io6gxjnfwpV7h52DYlkPjkcdJMCr4fGVkhsFR4ujGJB8w2iYL0oZ-666hM5EZfam7KZiCJq/FUMyvU1H2WMFgC5U1c251pcjiTgAQUmuDV6qG6lB8GY),sili3.jpeg (https://v5.airtableusercontent.com/v3/u/46/46/1761127200000/H3Q7XbbhvT_nO1FrvcARUg/wGey2k1pHL8qzLyyKevzPQ4trKCuCY348GkBy-VXvnYLJUiYZ4XKYDMJU1GJyADzED_zQMMs1_2OsPPDmhVsBKa4mHjXZMXr-bc5EQSWbMMvVnRSHWbNsVO4lPv-mlCZK1qNtddtKD3tAp0tjOk0k2gIdERDLVJkMGzCZsblWXI/_7PUlTsIEDh_S1u0c3rgMtfjYwDJgXL10l-Pblm0RzM),sili2.jpg (https://v5.airtableusercontent.com/v3/u/46/46/1761127200000/6nWw0cxAofy0L38EEZihZg/zq945pImj6mRrWzRBLa9gpduvafGW46KCIBGmnoNjpClnq2kDua_0M81Ab6QnT-Ia-oVEMQkNYepKh97V2VFshuQAZJoFS1e6C5uKmTe7tjWy7fI-3Z244XcjoFE5Ye6DM_0dHPILCvs37PbB6n4DA/fcRKmJyWcO9b6ofkIYyt5hEZhAkAbRgwe71LGo0mU2c),sili.jpg (https://v5.airtableusercontent.com/v3/u/46/46/1761127200000/MzcZbwUiVmVVknqc7xtapg/KI-OLmcfZv5S3upay4UxLXh2p8leByCuhGH8epDCcpd1K6OfUn-PQECExa1FaRNLjx0cJ95l2dhmV9iZJu9Q_1UtenR3q7pOsJ0SOHng915JlbiyzSX6fU3XCgC8s6jGlW-1zXZieleSHBYcq-qKuA/G9e84-0ajdb15_ri_CwNiKJolZYQ7m-Vm2wiU4OZU5w)"
34,Zuma,,,,,
35,TopGit,topgit.jpeg (https://v5.airtableusercontent.com/v3/u/46/46/1761127200000/1X9jaZDoCnKxPwdTnX7mFw/lxrn1DvHveSRALnwrx6v9L861rZ662BItSCZ872DuDo_HYmy8JNLukCzuuPGoYHszifypwIcwH-jAeQnWGG6bc06r5gznfqLWVKSB0zr8_6Il37dhBZX9KWeQexW0bHtjDO6tI_JtHawFKIn9ybUAZYmZgE5AhTYQLCYJZ5VjEg/jdxzlQFCMXrDkVfG--B3drQ3OySjExCx6mbvGLWSEKA),"126,125,124","Topgit Big, Topgit Medium, Topgit Small","126, 125, 124","topb2.jpg (https://v5.airtableusercontent.com/v3/u/46/46/1761127200000/dGLePUIO-xL8bgyvh-HPOg/S7wtFIrnmbmRV4Z2xeQubvXI9hq3p0Lvz6AdH279ERQrlh8zilcF1ihY94d3q6a0SYAiovuPeK9tH-WnfLuXmgINgcVqNidjBQCzfSD39MQOPZSib_Nn-EYkhtUkevmiH_IEX-2VNvUWhmPDvNFmog/Xpai2RmrRLsamZ3kwkv6qoqGC6j9A6q1nifE2LX3vLc),Topb.jpg (https://v5.airtableusercontent.com/v3/u/46/46/1761127200000/7YPDOp1aM0i2oGifa9jO2w/zViCnWORvjpwVHT5kOKd5SZ6r0NAvHi_B1JKJBFRS4406fjqa5bpTCWAkZwursygLXUAecjo0LZ7dyk6usftTfh-lGr1hVyHgOU8hFBjbO4ByhTHpmPB88_LI0yNK8XZVWMRiDnO_WMjs7Q0MH6PFw/KUEqjV7npJPl5JtYWnOi2BCA7D2RHNacV7cJFlwqDWo),topm-removebg-preview.png (https://v5.airtableusercontent.com/v3/u/46/46/1761127200000/sWIOjzs1PxAtbArTKLNm7w/SABGpIl8EwMCjeV3bmSMNyLCKZ7jI-EeV36jVVZdcvM5ahL1iWLUy1RZybz7Cx0GDiAzYwuWrOc8K-nwhCXuS91DqWyiUe0itqvTfRWurIRFpxL2QWcRu_YtEnKnljVZzQZXJhJ4MPaJGr8qQ6n_wDeM7hAZKTQoeGu9wcwBbPE/UdRVK6cB_hUJOErqNoCaHUmePvEOu2ma5ZJWt-LcWJY),TOPM2-removebg-preview.png (https://v5.airtableusercontent.com/v3/u/46/46/1761127200000/70Dc0kx9lffqWJ2KeaD_vw/2SHI-GjK6TQPYfElqVfg6H-ytYqGSgFK-ZlauWKwS4mCgSbrfspz4E6OKcadTxn8I77rBEJYAuYEVQ7oWrOSSfFvsSg9P7QCfk5f145plME6IR0uPX9M608jpXku1h5fcIQj6NyU68oaO55pOgwyn88HwjBMvkYPauBRIqzbvcreYBQeFE8PT5KPoL53APvA/1vQArNPf4TpybBgSZ_KSKrJntJMrRd6h_gybuK0HpCo),tops4-removebg-preview.png (https://v5.airtableusercontent.com/v3/u/46/46/1761127200000/Szloc8Nek--MvC8bkxhraw/cJ7MxdfubX-uBAr0VepRKM6xQHGkHHW6Yq1rY2Zqys4Azzm0W_bzpLIppn01JFJBDNWnrPEvp9odeuEaq5-PR1TLZfK7H8NsmVj5ccOD66PQmseh5Z2ffCFyhGYToWBHz4oR0szgO_vta5L1opFAvW21hWgyQzqSIxm9rBhsNqOZ27JHE2qQy8bs9kmdNh8X/3aK58__6zX_wA4-YoP0InMX2CgNU8v7pMxotuAboL5M),tops3-removebg-preview.png (https://v5.airtableusercontent.com/v3/u/46/46/1761127200000/doO2YBUnUTZgRllXjNtgFQ/hTJFTxRu0N82Z218xpalxKsfmHIesgFErp563JB1tL245XEl_SSyZ4GFl9TcCCNHM5lvkds38bhZ-CE0Uml-4Ymz9-hjI83ATvSTvuhQKfpjnkykkcVJnd8WNvTFxZMe5reXpvdY6jdoInwWCtfycJ5kiw9PsHpuxMxJEdeglgOHHzzIMQakwkEfbCqQtsXl/4g2aPYCk8nR1K6gA-bcqAVfXjZHRJZ0XblbGCW61btQ),tops2-removebg-preview (2).png (https://v5.airtableusercontent.com/v3/u/46/46/1761127200000/DkadiWobSaQZtSqcXCH9dQ/Yu12F8QvRGn9vQE-ac-ojvcyu83hR626WhjQpl9xuJHmM-zcIUoBiOWfDwzpNRUhqln8qmpMGAnhl6KxYuEWJ__x2clzrXwj-XL1uMC6YdzMIbMP9RtbgMgLInyNOGCBAY8LEWQl6KXmB3cNLVRzPCR_RqyNUZ_i68TLf6A-MqOui_vLCUl7ft3lSe5j4dzt/1ehgHFv4mVeBLAxORQKmG3f9hDRa9QBUZUQQ-2Q5UBE)"
36,Alteco,,,,,
37,Seebest,seebest.png (https://v5.airtableusercontent.com/v3/u/46/46/1761127200000/WGHMgCm2rxsK9PKLeKMxQg/H5pUJ0coBrXKKqOCOsC3tQelFt22z86P6r2YDrReXSMwwZ9mZFCXFoh9cqkcMQwOU4vGgRMIsROi7YNcE_jhv4_IWXHz3AB4gcxpCfrRDLINR9vaxxs5p4xeW6sHbWvX4W9E2u1uzYh7Vv-kAD-mg7KSYvoYTemAaNR5I6j_lUg/t6mxQRpaX8A_L2NYy9fZ35f_bM2xLDUBK6hIMnhfGl8),,,,
38,Safe Dignity,,,,,
39,Sarvin,,,,,
40,Ronex,,,,,
41,Darger,,,,,
42,Nigerian Copper,,,,,
43,Italian Copper,,,,,
44,HDP,,,,,
45,Bencho,,,,,
46,O.G.S,,,,,
47,,,,,,
48,,,,,,
49,,,,,,